{
  "evaluation_date": "2026-02-12T00:04:58.812306",
  "model_weights": "models_DTLN_vivos/DTLN_vivos_best.h5",
  "num_samples": 10,
  "metrics": {
    "SNR_noisy": {
      "mean": 10.079506933668124,
      "std": 5.016489453331812,
      "min": 0.9611438267608946,
      "max": 19.06891853845004
    },
    "SNR_enhanced": {
      "mean": 14.565145696939007,
      "std": 4.080045763472625,
      "min": 7.55530413736309,
      "max": 21.565922236609598
    },
    "SNR_improvement": {
      "mean": 4.485638763270883,
      "std": 1.8679055245965341,
      "min": 2.3336896935707294,
      "max": 7.731890673586173
    },
    "SI-SDR_noisy": {
      "mean": 9.807174111333845,
      "std": 5.647780601138175,
      "min": -0.09309942173923236,
      "max": 19.951650237412586
    },
    "SI-SDR_enhanced": {
      "mean": 14.772827784768946,
      "std": 4.163961692845551,
      "min": 7.104653923992568,
      "max": 21.621852056507457
    },
    "SI-SDR_improvement": {
      "mean": 4.965653673435101,
      "std": 2.2511542205778725,
      "min": 1.6702018190948706,
      "max": 8.191477845079529
    },
    "PESQ_noisy": {
      "mean": 1.4772703766822814,
      "std": 0.5117401954909964,
      "min": 1.0394196510314941,
      "max": 2.6055212020874023
    },
    "PESQ_enhanced": {
      "mean": 2.0081358671188356,
      "std": 0.4816976612038242,
      "min": 1.2556798458099365,
      "max": 2.764631986618042
    },
    "PESQ_improvement": {
      "mean": 0.530865490436554,
      "std": 0.28415645362607234,
      "min": 0.15911078453063965,
      "max": 0.8725850582122803
    },
    "STOI_noisy": {
      "mean": 0.8537174560396142,
      "std": 0.09273280385904838,
      "min": 0.6727970744844612,
      "max": 0.9884702792241604
    },
    "STOI_enhanced": {
      "mean": 0.8975022288170053,
      "std": 0.0634158041687306,
      "min": 0.806272055389863,
      "max": 0.9888806701326021
    },
    "STOI_improvement": {
      "mean": 0.043784772777391144,
      "std": 0.0530176283244968,
      "min": -0.020844426630907797,
      "max": 0.14156220803675923
    }
  }
}